Arsenal	GKP	Cech	£5.5	63	true	75	12
Arsenal	GKP	Macey	£?	0	false	0	0
Arsenal	GKP	Ospina	£4.9	0	false	0	0
Arsenal	DEF	Bellerín	£5.9	57	true	70	13
Arsenal	DEF	Chambers	£4.8	0	false	0	0
Arsenal	DEF	Debuchy	£?	0	false	0	0
Arsenal	DEF	Holding	£4.7	8	false	8	0
Arsenal	DEF	Kolasinac	£6.0	76	false	76	0
Arsenal	DEF	Koscielny	£6.0	48	true	65	17
Arsenal	DEF	Mertesacker	£4.9	14	false	14	0
Arsenal	DEF	Monreal	£5.5	71	true	84	13
Arsenal	DEF	Mustafi	£5.4	54	false	54	0
Arsenal	MID	Cazorla	£7.0	0	false	0	0
Arsenal	MID	Coquelin	£4.4	5	true	6	1
Arsenal	MID	Elneny	£4.5	11	false	11	0
Arsenal	MID	Iwobi	£5.1	23	true	29	6
Arsenal	MID	Maitland-Niles	£4.5	1	true	7	6
Arsenal	MID	Nelson	£4.9	0	false	0	0
Arsenal	MID	Ramsey	£7.1	81	false	81	0
Arsenal	MID	Sánchez	£11.9	62	true	68	6
Arsenal	MID	Walcott	£7.2	3	false	3	0
Arsenal	MID	Wilshere	£5.4	7	true	13	6
Arsenal	MID	Xhaka	£5.5	50	true	55	5
Arsenal	MID	Özil	£9.4	57	true	71	14
Arsenal	FWD	Giroud	£8.3	33	true	36	3
Arsenal	FWD	Lacazette	£10.4	66	true	69	3
Arsenal	FWD	Nketiah	�?	0	false	0	0
Arsenal	FWD	Welbeck	£7.5	33	true	35	2
Bournemouth	GKP	Begovic	£4.5	61	true	64	3
Bournemouth	GKP	Boruc	£4.3	0	false	0	0
Bournemouth	GKP	Federici	£4.0	0	false	0	0
Bournemouth	GKP	Ramsdale	£4.0	0	false	0	0
Bournemouth	DEF	Adam Smith	£4.8	25	true	27	2
Bournemouth	DEF	Aké	£4.9	46	true	47	1
Bournemouth	DEF	Brad Smith	£4.0	0	false	0	0
Bournemouth	DEF	Daniels	£4.9	55	true	57	2
Bournemouth	DEF	Francis	£4.4	24	true	26	2
Bournemouth	DEF	Mings	£4.4	0	false	0	0
Bournemouth	DEF	Simpson	£?	0	false	0	0
Bournemouth	DEF	Steve Cook	£4.9	37	true	38	1
Bournemouth	MID	Arter	£4.9	23	true	24	1
Bournemouth	MID	Fraser	£5.3	21	true	24	3
Bournemouth	MID	Gosling	£4.9	11	true	12	1
Bournemouth	MID	Ibe	£4.9	30	true	32	2
Bournemouth	MID	Lewis Cook	£4.4	17	true	20	3
Bournemouth	MID	Pugh	£4.8	18	true	19	1
Bournemouth	MID	Stanislas	£5.9	25	true	28	3
Bournemouth	MID	Surman	£4.6	62	true	64	2
Bournemouth	FWD	Afobe	£5.7	17	true	18	1
Bournemouth	FWD	Callum Wilson	£5.9	26	true	28	2
Bournemouth	FWD	Defoe	£7.8	38	true	41	3
Bournemouth	FWD	King	£7.2	40	true	43	3
Bournemouth	FWD	Mousset	£4.9	7	false	7	0
Brighton	GKP	Krul	£4.0	0	false	0	0
Brighton	GKP	Mäenpää	£4.0	0	false	0	0
Brighton	GKP	Ryan	£4.5	57	true	70	13
Brighton	DEF	Bong	£4.4	17	true	24	7
Brighton	DEF	Bruno	£4.5	44	true	51	7
Brighton	DEF	Duffy	£4.5	52	true	58	6
Brighton	DEF	Dunk	£4.4	35	true	44	9
Brighton	DEF	Goldson	£4.0	0	false	0	0
Brighton	DEF	Hünemeier	£3.9	1	false	1	0
Brighton	DEF	Rosenior	£4.0	3	false	3	0
Brighton	DEF	Schelotto	£4.5	3	true	4	1
Brighton	DEF	Suttner	£4.4	27	false	27	0
Brighton	MID	Brown	£5.3	14	true	15	1
Brighton	MID	Groß	£5.7	80	true	84	4
Brighton	MID	Izquierdo	£5.9	31	true	34	3
Brighton	MID	Kayal	£4.4	0	true	2	2
Brighton	MID	Knockaert	£5.7	43	true	47	4
Brighton	MID	March	£5.0	35	true	38	3
Brighton	MID	Molumby	£4.5	0	false	0	0
Brighton	MID	Murphy	£4.9	6	false	6	0
Brighton	MID	Pröpper	£5.4	43	true	48	5
Brighton	MID	Sidwell	£4.4	0	false	0	0
Brighton	MID	Skalak	£4.8	0	false	0	0
Brighton	MID	Stephens	£4.5	40	true	44	4
Brighton	FWD	Baldock	£4.9	0	false	0	0
Brighton	FWD	Hemed	£5.0	30	true	33	3
Brighton	FWD	Murray	£5.7	46	true	47	1
Burnley	GKP	Heaton	£4.9	8	false	8	0
Burnley	GKP	Legzdins	£4.0	0	false	0	0
Burnley	GKP	Lindegaard	£4.0	0	false	0	0
Burnley	GKP	Pope	£4.5	65	true	82	17
Burnley	DEF	Bardsley	£4.4	8	true	20	12
Burnley	DEF	Long	£4.0	7	true	15	8
Burnley	DEF	Lowton	£4.5	53	false	53	0
Burnley	DEF	Mee	£4.5	56	true	62	6
Burnley	DEF	Tarkowski	£4.5	56	true	68	12
Burnley	DEF	Taylor	£4.3	0	true	6	6
Burnley	DEF	Ward	£4.6	75	true	76	1
Burnley	MID	Arfield	£4.9	31	true	40	9
Burnley	MID	Brady	£5.5	56	false	56	0
Burnley	MID	Cork	£4.5	46	true	52	6
Burnley	MID	Defour	£5.5	41	true	47	6
Burnley	MID	Gudmundsson	£5.0	44	true	50	6
Burnley	MID	Hendrick	£5.4	43	true	49	6
Burnley	MID	Marney	£4.5	0	false	0	0
Burnley	MID	Ulvestad	£?	0	false	0	0
Burnley	MID	Walters	£5.3	2	false	2	0
Burnley	MID	Westwood	£4.4	7	false	7	0
Burnley	FWD	Barnes	£5.2	22	true	28	6
Burnley	FWD	Vokes	£6.0	30	true	32	2
Burnley	FWD	Wells	£4.9	0	false	0	0
Burnley	FWD	Wood	£6.6	44	true	48	4
Chelsea	GKP	Caballero	£4.9	0	false	0	0
Chelsea	GKP	Courtois	£5.5	66	true	74	8
Chelsea	GKP	Eduardo	£4.9	0	false	0	0
Chelsea	DEF	Alonso	£7.0	70	true	90	20
Chelsea	DEF	Azpilicueta	£6.6	80	true	89	9
Chelsea	DEF	Cahill	£6.3	32	true	39	7
Chelsea	DEF	Christensen	£5.5	38	true	52	14
Chelsea	DEF	David Luiz	£5.9	29	false	29	0
Chelsea	DEF	Moses	£6.5	33	true	42	9
Chelsea	DEF	Rüdiger	£5.9	47	true	49	2
Chelsea	DEF	Zappacosta	£5.9	32	true	33	1
Chelsea	MID	Ampadu	£?	0	true	1	1
Chelsea	MID	Bakayoko	£5.0	40	true	52	12
Chelsea	MID	Drinkwater	£4.9	8	true	9	1
Chelsea	MID	Fàbregas	£6.9	47	true	48	1
Chelsea	MID	Hazard	£10.5	70	true	79	9
Chelsea	MID	Kanté	£5.1	45	true	51	6
Chelsea	MID	Kenedy	£4.8	0	false	0	0
Chelsea	MID	Musonda	£4.8	2	false	2	0
Chelsea	MID	Pedro	£7.9	41	true	51	10
Chelsea	MID	Scott	£4.5	0	false	0	0
Chelsea	MID	Willian	£6.9	40	true	59	19
Chelsea	FWD	Batshuayi	£8.1	16	true	17	1
Chelsea	FWD	Morata	£10.3	85	true	86	1
Crystal Palace	GKP	Hennessey	£4.5	30	false	30	0
Crystal Palace	GKP	Henry	£?	0	false	0	0
Crystal Palace	GKP	Speroni	£4.0	23	true	31	8
Crystal Palace	DEF	Dann	£4.8	21	true	29	8
Crystal Palace	DEF	Delaney	£4.3	0	false	0	0
Crystal Palace	DEF	Fosu-Mensah	£4.5	13	true	15	2
Crystal Palace	DEF	Kelly	£4.3	6	true	13	7
Crystal Palace	DEF	Riedewald	£4.8	4	true	5	1
Crystal Palace	DEF	Sakho	£4.9	40	false	40	0
Crystal Palace	DEF	Schlupp	£4.8	27	true	34	7
Crystal Palace	DEF	Souaré	£4.5	0	false	0	0
Crystal Palace	DEF	Tomkins	£4.4	12	true	21	9
Crystal Palace	DEF	Ward	£4.8	27	false	27	0
Crystal Palace	DEF	van Aanholt	£5.2	7	false	7	0
Crystal Palace	MID	Cabaye	£5.4	34	true	39	5
Crystal Palace	MID	Kaikai	£4.4	1	false	1	0
Crystal Palace	MID	Lee Chung-yong	£4.4	3	false	3	0
Crystal Palace	MID	Loftus-Cheek	£4.5	36	true	44	8
Crystal Palace	MID	Lokilo	£4.4	0	false	0	0
Crystal Palace	MID	Lumeka	£4.5	1	false	1	0
Crystal Palace	MID	McArthur	£4.4	24	true	36	12
Crystal Palace	MID	Milivojevic	£4.7	40	true	41	1
Crystal Palace	MID	Mutch	£4.5	0	false	0	0
Crystal Palace	MID	Puncheon	£4.8	11	false	11	0
Crystal Palace	MID	Sako	£4.9	9	true	21	12
Crystal Palace	MID	Townsend	£5.7	40	true	50	10
Crystal Palace	MID	Wan-Bissaka	£?	0	false	0	0
Crystal Palace	MID	Zaha	£6.7	40	true	53	13
Crystal Palace	FWD	Anderson	£4.5	0	false	0	0
Crystal Palace	FWD	Benteke	£7.7	14	true	27	13
Crystal Palace	FWD	Ladapo	£4.5	1	false	1	0
Crystal Palace	FWD	Wickham	£5.4	0	false	0	0
Everton	GKP	Pickford	£5.0	53	true	65	12
Everton	GKP	Robles	£4.4	0	false	0	0
Everton	GKP	Stekelenburg	£4.4	0	false	0	0
Everton	DEF	Baines	£5.9	36	false	36	0
Everton	DEF	Coleman	£6.5	0	false	0	0
Everton	DEF	Funes Mori	£4.9	0	false	0	0
Everton	DEF	Holgate	£4.4	21	true	27	6
Everton	DEF	Jagielka	£4.9	16	true	17	1
Everton	DEF	Keane	£5.4	19	false	19	0
Everton	DEF	Kenny	£4.4	22	true	32	10
Everton	DEF	Martina	£4.3	19	true	27	8
Everton	DEF	Williams	£5.4	35	true	44	9
Everton	MID	Baningime	£?	3	false	3	0
Everton	MID	Barkley	£7.4	0	false	0	0
Everton	MID	Besic	£4.4	2	false	2	0
Everton	MID	Bolasie	£6.4	0	false	0	0
Everton	MID	Davies	£5.3	24	true	26	2
Everton	MID	Gueye	£5.0	29	true	34	5
Everton	MID	Klaassen	£7.2	4	false	4	0
Everton	MID	Lennon	£5.4	17	true	25	8
Everton	MID	Lookman	£5.2	9	true	10	1
Everton	MID	McCarthy	£4.9	0	false	0	0
Everton	MID	Mirallas	£6.2	5	false	5	0
Everton	MID	Schneiderlin	£5.0	15	true	20	5
Everton	MID	Sigurdsson	£8.2	48	true	60	12
Everton	MID	Vlasic	£5.5	9	true	10	1
Everton	FWD	Calvert-Lewin	£5.0	55	true	62	7
Everton	FWD	Niasse	£5.0	40	false	40	0
Everton	FWD	Rooney	£7.4	70	true	91	21
Everton	FWD	Sandro	£7.2	8	true	9	1
Huddersfield	GKP	Coleman	£4.0	0	false	0	0
Huddersfield	GKP	Green	£4.0	0	false	0	0
Huddersfield	GKP	Lössl	£4.6	65	true	68	3
Huddersfield	DEF	Cranie	£4.0	2	false	2	0
Huddersfield	DEF	Hadergjonaj	£4.5	9	true	15	6
Huddersfield	DEF	Hefele	£4.3	1	false	1	0
Huddersfield	DEF	Löwe	£4.5	44	true	46	2
Huddersfield	DEF	Malone	£4.3	17	true	18	1
Huddersfield	DEF	Schindler	£4.6	49	true	52	3
Huddersfield	DEF	Smith	£5.0	32	true	33	1
Huddersfield	DEF	Stankovic	£4.0	0	false	0	0
Huddersfield	DEF	Zanka	£4.6	53	true	56	3
Huddersfield	MID	Billing	£4.5	12	false	12	0
Huddersfield	MID	Hogg	£4.4	19	false	19	0
Huddersfield	MID	Ince	£5.8	39	true	43	4
Huddersfield	MID	Kachunga	£6.0	36	true	44	8
Huddersfield	MID	Lolley	£4.4	1	false	1	0
Huddersfield	MID	Mooy	£5.7	51	true	68	17
Huddersfield	MID	Palmer	£5.3	4	false	4	0
Huddersfield	MID	Sabiri	£5.0	9	false	9	0
Huddersfield	MID	Whitehead	£4.4	2	true	3	1
Huddersfield	MID	Williams	£4.9	15	true	18	3
Huddersfield	MID	van La Parra	£4.9	22	true	25	3
Huddersfield	FWD	Depoitre	£5.2	37	true	55	18
Huddersfield	FWD	Mounie	£5.9	37	true	39	2
Huddersfield	FWD	Quaner	£4.5	13	true	18	5
Leicester	GKP	Hamer	£4.4	0	false	0	0
Leicester	GKP	Jakupovic	£4.4	0	false	0	0
Leicester	GKP	Schmeichel	£5.0	63	true	68	5
Leicester	DEF	Benalouane	£4.4	0	false	0	0
Leicester	DEF	Chilwell	£4.4	20	true	23	3
Leicester	DEF	Dragovic	£5.0	0	false	0	0
Leicester	DEF	Fuchs	£4.9	37	true	39	2
Leicester	DEF	Huth	£4.9	0	false	0	0
Leicester	DEF	Maguire	£5.1	60	true	67	7
Leicester	DEF	Morgan	£4.5	39	true	42	3
Leicester	DEF	Simpson	£4.5	40	true	42	2
Leicester	MID	Albrighton	£5.5	49	true	52	3
Leicester	MID	Amartey	£4.4	1	false	1	0
Leicester	MID	Choudhury	£?	1	false	1	0
Leicester	MID	Gray	£5.3	43	true	46	3
Leicester	MID	Iborra	£5.8	28	true	30	2
Leicester	MID	James	£4.5	8	false	8	0
Leicester	MID	King	£4.5	14	true	22	8
Leicester	MID	Mahrez	£8.5	84	true	94	10
Leicester	MID	Musa	£6.3	0	false	0	0
Leicester	MID	Ndidi	£4.9	45	true	46	1
Leicester	FWD	Iheanacho	£6.7	10	false	10	0
Leicester	FWD	Okazaki	£5.6	41	true	58	17
Leicester	FWD	Slimani	£6.8	12	false	12	0
Leicester	FWD	Ulloa	£4.8	1	true	3	2
Leicester	FWD	Vardy	£8.5	71	true	78	7
Liverpool	GKP	Karius	£4.9	6	true	12	6
Liverpool	GKP	Mignolet	£4.9	50	true	56	6
Liverpool	GKP	Ward	£4.5	0	false	0	0
Liverpool	DEF	Alexander-Arnold	£4.4	10	true	17	7
Liverpool	DEF	Clyne	£5.4	0	false	0	0
Liverpool	DEF	Flanagan	£4.5	0	false	0	0
Liverpool	DEF	Gomez	£4.5	50	true	57	7
Liverpool	DEF	Klavan	£4.4	27	true	42	15
Liverpool	DEF	Lovren	£5.4	31	true	50	19
Liverpool	DEF	Matip	£5.5	48	false	48	0
Liverpool	DEF	Milner	£6.2	32	false	32	0
Liverpool	DEF	Moreno	£4.5	44	false	44	0
Liverpool	DEF	Robertson	£4.9	15	true	30	15
Liverpool	MID	Can	£5.0	36	true	38	2
Liverpool	MID	Chamberlain	£5.8	33	true	40	7
Liverpool	MID	Coutinho	£8.9	64	true	80	16
Liverpool	MID	Grujic	£4.4	3	false	3	0
Liverpool	MID	Henderson	£5.5	42	true	45	3
Liverpool	MID	Lallana	£7.4	1	false	1	0
Liverpool	MID	Mané	£9.4	51	true	54	3
Liverpool	MID	Salah	£9.2	124	true	135	11
Liverpool	MID	Wijnaldum	£6.8	37	true	43	6
Liverpool	MID	Woodburn	£4.4	0	false	0	0
Liverpool	FWD	Firmino	£8.5	68	true	82	14
Liverpool	FWD	Ings	£5.4	1	true	2	1
Liverpool	FWD	Solanke	£4.8	15	true	17	2
Liverpool	FWD	Sturridge	£8.0	25	false	25	0
Man City	GKP	Bravo	£4.8	1	false	1	0
Man City	GKP	Ederson	£5.5	58	true	67	9
Man City	DEF	Danilo	£5.4	25	true	32	7
Man City	DEF	Kompany	£5.9	17	false	17	0
Man City	DEF	Mangala	£5.0	6	true	14	8
Man City	DEF	Mendy	£6.4	17	false	17	0
Man City	DEF	Otamendi	£5.7	80	true	87	7
Man City	DEF	Stones	£5.6	46	false	46	0
Man City	DEF	Walker	£6.5	64	true	66	2
Man City	MID	Bernardo Silva	£7.5	26	true	36	10
Man City	MID	David Silva	£8.5	86	true	102	16
Man City	MID	De Bruyne	£10.0	93	true	113	20
Man City	MID	Delph	£4.5	32	true	36	4
Man City	MID	Diaz	£4.8	0	false	0	0
Man City	MID	Fernandinho	£5.0	56	true	59	3
Man City	MID	Foden	£4.8	0	true	1	1
Man City	MID	Gündogan	£5.4	11	true	25	14
Man City	MID	Sané	£8.3	85	true	95	10
Man City	MID	Sterling	£7.9	91	true	112	21
Man City	MID	Yaya Touré	£6.2	2	true	6	4
Man City	MID	Zinchenko	£5.0	0	true	1	1
Man City	FWD	Agüero	£11.6	79	true	86	7
Man City	FWD	Jesus	£10.5	75	true	74	-1
Man Utd	GKP	Joel Pereira	£3.9	0	false	0	0
Man Utd	GKP	Romero	£4.8	0	false	0	0
Man Utd	GKP	de Gea	£5.6	85	true	99	14
Man Utd	DEF	Bailly	£6.2	46	false	46	0
Man Utd	DEF	Blind	£5.5	19	false	19	0
Man Utd	DEF	Darmian	£5.1	9	false	9	0
Man Utd	DEF	Jones	£5.2	59	true	69	10
Man Utd	DEF	Lindelöf	£5.0	15	false	15	0
Man Utd	DEF	Rojo	£5.4	1	false	1	0
Man Utd	DEF	Shaw	£4.9	0	true	7	7
Man Utd	DEF	Smalling	£5.3	40	true	48	8
Man Utd	DEF	Tuanzebe	£3.9	0	false	0	0
Man Utd	DEF	Valencia	£6.6	81	true	94	13
Man Utd	MID	Carrick	£4.3	0	false	0	0
Man Utd	MID	Fellaini	£4.9	32	false	32	0
Man Utd	MID	Herrera	£5.2	20	true	23	3
Man Utd	MID	Lingard	£5.9	45	true	58	13
Man Utd	MID	Martial	£8.0	65	true	69	4
Man Utd	MID	Mata	£7.0	36	true	48	12
Man Utd	MID	Matic	£5.0	43	true	47	4
Man Utd	MID	McTominay	£4.4	0	true	4	4
Man Utd	MID	Mkhitaryan	£8.5	53	false	53	0
Man Utd	MID	Pogba	£8.0	56	false	56	0
Man Utd	MID	Young	£4.9	51	true	54	3
Man Utd	FWD	Ibrahimovic	£10.0	4	false	4	0
Man Utd	FWD	Lukaku	£11.8	81	true	94	13
Man Utd	FWD	Rashford	£7.6	60	true	65	5
Newcastle	GKP	Darlow	£4.4	6	true	9	3
Newcastle	GKP	Elliot	£4.1	42	true	45	3
Newcastle	GKP	Woodman	£4.0	0	false	0	0
Newcastle	DEF	Clark	£4.5	40	false	40	0
Newcastle	DEF	Dummett	£4.3	1	false	1	0
Newcastle	DEF	Gámez	£4.0	9	false	9	0
Newcastle	DEF	Haidara	£4.0	0	false	0	0
Newcastle	DEF	Lascelles	£4.7	44	true	48	4
Newcastle	DEF	Lejeune	£4.4	13	true	17	4
Newcastle	DEF	Manquillo	£4.4	31	true	35	4
Newcastle	DEF	Mbemba	£4.0	17	false	17	0
Newcastle	DEF	Yedlin	£4.4	23	true	27	4
Newcastle	MID	Aarons	£4.4	2	true	3	1
Newcastle	MID	Atsu	£5.1	38	true	41	3
Newcastle	MID	Colback	£4.4	0	false	0	0
Newcastle	MID	Diamé	£4.8	13	true	16	3
Newcastle	MID	Hayden	£4.5	27	true	28	1
Newcastle	MID	Merino	£5.0	34	true	37	3
Newcastle	MID	Murphy	£5.2	16	true	18	2
Newcastle	MID	Ritchie	£6.0	59	true	62	3
Newcastle	MID	Saivet	£4.5	0	false	0	0
Newcastle	MID	Shelvey	£5.3	19	true	18	-1
Newcastle	FWD	Gayle	£6.2	37	true	40	3
Newcastle	FWD	Joselu	£5.5	40	true	43	3
Newcastle	FWD	Mitrovic	£4.8	10	false	10	0
Newcastle	FWD	Pérez	£5.5	33	true	36	3
Southampton	GKP	Forster	£5.0	66	true	71	5
Southampton	GKP	McCarthy	£4.5	0	false	0	0
Southampton	GKP	Taylor	£4.0	0	false	0	0
Southampton	DEF	Bednarek	£4.3	0	false	0	0
Southampton	DEF	Bertrand	£5.5	52	true	57	5
Southampton	DEF	Cédric	£5.0	39	true	40	1
Southampton	DEF	Hoedt	£5.0	17	true	19	2
Southampton	DEF	McQueen	£4.4	3	false	3	0
Southampton	DEF	Pied	£4.3	2	false	2	0
Southampton	DEF	Stephens	£4.8	16	true	17	1
Southampton	DEF	Targett	£4.3	0	false	0	0
Southampton	DEF	Yoshida	£5.0	50	true	57	7
Southampton	DEF	van Dijk	£5.4	25	false	25	0
Southampton	MID	Boufal	£5.7	28	true	31	3
Southampton	MID	Davis	£5.1	56	true	58	2
Southampton	MID	Højbjerg	£4.4	7	true	9	2
Southampton	MID	Lemina	£5.0	20	true	24	4
Southampton	MID	Oriol Romeu	£4.5	34	true	37	3
Southampton	MID	Redmond	£6.4	40	true	42	2
Southampton	MID	Sims	£4.4	0	false	0	0
Southampton	MID	Tadic	£6.5	52	true	54	2
Southampton	MID	Ward-Prowse	£5.2	23	true	26	3
Southampton	FWD	Austin	£6.2	43	true	45	2
Southampton	FWD	Gabbiadini	£6.7	37	true	40	3
Southampton	FWD	Long	£5.8	23	false	23	0
Spurs	GKP	Gazzaniga	£?	9	false	9	0
Spurs	GKP	Lloris	£5.5	50	true	61	11
Spurs	GKP	Vorm	£4.9	0	false	0	0
Spurs	GKP	Whiteman	£?	0	false	0	0
Spurs	DEF	Alderweireld	£6.0	38	false	38	0
Spurs	DEF	Aurier	£5.9	10	true	25	15
Spurs	DEF	Davies	£5.9	62	true	64	2
Spurs	DEF	Foyth	£4.5	0	false	0	0
Spurs	DEF	Rose	£6.4	7	true	13	6
Spurs	DEF	Sánchez	£6.0	36	false	36	0
Spurs	DEF	Trippier	£5.4	58	false	58	0
Spurs	DEF	Vertonghen	£6.0	54	true	60	6
Spurs	DEF	Walker-Peters	£4.3	7	false	7	0
Spurs	MID	Alli	£9.5	67	true	69	2
Spurs	MID	Dembélé	£5.0	21	true	23	2
Spurs	MID	Dier	£4.9	34	true	39	5
Spurs	MID	Eriksen	£9.7	85	true	99	14
Spurs	MID	Lamela	£6.4	5	true	9	4
Spurs	MID	Nkoudou	£5.4	1	false	1	0
Spurs	MID	Oakley-Boothe	£4.5	0	false	0	0
Spurs	MID	Sissoko	£5.4	30	true	33	3
Spurs	MID	Son	£7.9	60	true	70	10
Spurs	MID	Wanyama	£4.9	3	false	3	0
Spurs	MID	Winks	£4.8	22	true	30	8
Spurs	FWD	Kane	£12.7	94	true	97	3
Spurs	FWD	Llorente	£7.4	9	false	9	0
Stoke	GKP	Butland	£5.0	35	true	39	4
Stoke	GKP	Grant	£4.4	5	false	5	0
Stoke	GKP	Haugaard	£?	0	false	0	0
Stoke	DEF	Cameron	£4.4	14	true	17	3
Stoke	DEF	Edwards	£?	0	false	0	0
Stoke	DEF	Johnson	£4.3	1	false	1	0
Stoke	DEF	Martins Indi	£5.0	5	false	5	0
Stoke	DEF	Pieters	£5.0	25	true	29	4
Stoke	DEF	Shawcross	£4.9	30	true	32	2
Stoke	DEF	Souttar	£4.0	0	false	0	0
Stoke	DEF	Tymon	£4.4	0	false	0	0
Stoke	DEF	Wimmer	£4.4	12	true	13	1
Stoke	DEF	Zouma	£5.5	36	true	42	6
Stoke	MID	Adam	£4.8	2	true	3	1
Stoke	MID	Afellay	£4.9	4	false	4	0
Stoke	MID	Allen	£5.3	38	true	42	4
Stoke	MID	Choupo-Moting	£5.6	62	true	63	1
Stoke	MID	Fletcher	£5.0	45	true	49	4
Stoke	MID	Jesé	£5.9	26	false	26	0
Stoke	MID	Shaqiri	£5.9	71	true	76	5
Stoke	MID	Sobhi	£4.8	19	true	23	4
Stoke	FWD	Berahino	£5.8	11	true	12	1
Stoke	FWD	Crouch	£4.9	32	true	36	4
Stoke	FWD	Diouf	£5.4	56	true	60	4
Stoke	FWD	Ngoy	£?	0	false	0	0
Swansea	GKP	Fabianski	£4.5	69	true	80	11
Swansea	GKP	Mulder	£?	0	false	0	0
Swansea	GKP	Nordfeldt	£4.0	0	false	0	0
Swansea	DEF	Bartley	£4.4	3	false	3	0
Swansea	DEF	Fernández	£4.5	37	false	37	0
Swansea	DEF	Mawson	£5.0	58	true	59	1
Swansea	DEF	Naughton	£4.6	59	true	60	1
Swansea	DEF	Olsson	£5.0	52	true	53	1
Swansea	DEF	Rangel	£3.9	1	false	1	0
Swansea	DEF	Rodon	£?	0	false	0	0
Swansea	DEF	van der Hoorn	£4.5	29	false	29	0
Swansea	MID	Britton	£4.5	9	false	9	0
Swansea	MID	Carroll	£4.5	37	true	43	6
Swansea	MID	Clucas	£5.0	23	true	24	1
Swansea	MID	Dyer	£4.4	9	true	12	3
Swansea	MID	Fer	£5.4	26	true	33	7
Swansea	MID	Fulton	£4.4	0	false	0	0
Swansea	MID	Ki Sung-yueng	£5.0	16	true	18	2
Swansea	MID	Mesa	£4.4	10	true	14	4
Swansea	MID	Narsingh	£4.8	10	true	13	3
Swansea	MID	Routledge	£5.3	9	false	9	0
Swansea	MID	Sanches	£4.9	15	false	15	0
Swansea	FWD	Abraham	£5.6	57	true	60	3
Swansea	FWD	Ayew	£5.0	40	true	43	3
Swansea	FWD	Bony	£6.0	26	true	29	3
Swansea	FWD	McBurnie	£?	7	false	7	0
Watford	GKP	Gomes	£4.5	51	true	53	2
Watford	GKP	Karnezis	£4.5	0	false	0	0
Watford	DEF	Britos	£4.5	20	false	20	0
Watford	DEF	Cathcart	£4.5	1	false	1	0
Watford	DEF	Holebas	£5.0	31	true	33	2
Watford	DEF	Janmaat	£4.9	9	true	17	8
Watford	DEF	Kabasele	£4.5	47	true	48	1
Watford	DEF	Kaboul	£4.4	7	false	7	0
Watford	DEF	Kiko Femenía	£4.5	51	false	51	0
Watford	DEF	Mariappa	£4.0	21	true	22	1
Watford	DEF	Mason	£4.0	0	false	0	0
Watford	DEF	Prödl	£4.4	14	true	15	1
Watford	DEF	Wagué	£4.5	1	false	1	0
Watford	DEF	Zeegelaar	£4.5	21	false	21	0
Watford	MID	Capoue	£5.2	15	true	17	2
Watford	MID	Carrillo	£5.5	28	true	33	5
Watford	MID	Chalobah	£4.5	12	false	12	0
Watford	MID	Cleverley	£5.0	48	true	47	-1
Watford	MID	Doucouré	£5.3	69	true	78	9
Watford	MID	Hughes	£4.7	26	false	26	0
Watford	MID	Pereyra	£5.8	22	true	24	2
Watford	MID	Richarlison	£6.1	77	true	85	8
Watford	MID	Success	£5.3	0	false	0	0
Watford	MID	Watson	£4.4	2	false	2	0
Watford	FWD	Deeney	£6.4	27	false	27	0
Watford	FWD	Gray	£6.3	44	true	46	2
Watford	FWD	Okaka	£5.4	8	true	9	1
Watford	FWD	Sinclair	£4.9	0	false	0	0
Watford	FWD	Zárate	£5.4	0	false	0	0
West Brom	GKP	Foster	£4.5	44	true	55	11
West Brom	GKP	Myhill	£4.0	1	false	1	0
West Brom	GKP	Palmer	£?	0	false	0	0
West Brom	DEF	Dawson	£5.0	27	false	27	0
West Brom	DEF	Evans	£4.9	26	true	37	11
West Brom	DEF	Ferguson	£?	0	false	0	0
West Brom	DEF	Gibbs	£5.0	30	true	37	7
West Brom	DEF	Hegazi	£4.9	49	true	56	7
West Brom	DEF	McAuley	£4.9	4	false	4	0
West Brom	DEF	Melbourne	£?	0	false	0	0
West Brom	DEF	Nyom	£5.0	37	true	44	7
West Brom	MID	Barry	£4.5	32	true	38	6
West Brom	MID	Brunt	£5.5	19	true	21	2
West Brom	MID	Burke	£5.4	8	true	10	2
West Brom	MID	Chadli	£5.7	12	false	12	0
West Brom	MID	Field	£4.5	20	true	19	-1
West Brom	MID	Krychowiak	£5.0	26	true	31	5
West Brom	MID	Livermore	£5.0	33	true	38	5
West Brom	MID	McClean	£4.9	14	true	19	5
West Brom	MID	Morrison	£5.5	13	false	13	0
West Brom	MID	Phillips	£5.9	39	false	39	0
West Brom	MID	Yacob	£4.5	9	true	13	4
West Brom	FWD	Robson-Kanu	£4.9	19	true	21	2
West Brom	FWD	Rodriguez	£5.8	36	true	38	2
West Brom	FWD	Rondón	£6.1	30	true	33	3
West Brom	FWD	Tulloch	£?	0	false	0	0
West Ham	GKP	Adrián	£4.4	7	true	21	14
West Ham	GKP	Hart	£4.5	45	false	45	0
West Ham	GKP	Trott	£?	0	false	0	0
West Ham	DEF	Byram	£4.4	0	false	0	0
West Ham	DEF	Collins	£4.4	8	true	14	6
West Ham	DEF	Cresswell	£5.0	43	true	57	14
West Ham	DEF	Fonte	£4.9	34	false	34	0
West Ham	DEF	Masuaku	£4.4	20	true	31	11
West Ham	DEF	Ogbonna	£4.4	22	true	35	13
West Ham	DEF	Reid	£4.9	31	true	36	5
West Ham	DEF	Rice	£4.5	5	true	6	1
West Ham	DEF	Zabaleta	£4.9	36	true	48	12
West Ham	MID	Antonio	£7.5	33	true	39	6
West Ham	MID	Arnautovic	£6.9	20	true	32	12
West Ham	MID	Ayew	£7.0	38	false	38	0
West Ham	MID	Fernandes	£4.5	9	false	9	0
West Ham	MID	Haksabanovic	£5.0	0	false	0	0
West Ham	MID	Johnson	£?	0	false	0	0
West Ham	MID	Kouyaté	£5.0	37	false	37	0
West Ham	MID	Lanzini	£6.8	32	true	49	17
West Ham	MID	Makasi	£?	0	false	0	0
West Ham	MID	Noble	£5.5	18	true	27	9
West Ham	MID	Obiang	£4.5	29	true	35	6
West Ham	MID	Quina	£?	0	false	0	0
West Ham	FWD	Carroll	£5.9	8	false	8	0
West Ham	FWD	Chicharito	£7.0	41	true	43	2
West Ham	FWD	Martínez	£?	0	false	0	0
West Ham	FWD	Sakho	£5.5	19	true	24	5
